Fui tentar criar um PPR, sugestão dos meus pais que já há muitos anos criaram os seus, os mesmos sem risco. Ao tentar criar só me aparecem opções com risco. Isto é normal?
Fiz as contas... mesmo na pior das situações na bolsa, o BPI acaba por levar mais de taxas do que a descida na bolsa nas piores situações.
Boa tarde a todos.
Se houver alguém entendido, ou que perceba do assunto, me tente elucidar sff.
Segunda feira passada fui ao meu antigo banco (BPI) para levantar o dinheiro que lá tinha e fechar a respectiva conta.
Quem me atendeu perguntou se em vez de levantar se não queria antes transferir o saldo para o banco que tenho neste momento.
Decidi fazer a transferência, até porque não me dava jeito andar com aquele dinheiro na carteira, mesmo sendo pouco.
A funcionária disse que dentro de 3 dias, a transferência seria feita e o saldo estaria na conta do banco que uso agora. A questão é que hoje, segunda feira, 8 dias depois ainda nada.
É normal ao fechar a conta demorar mais tempo?
Tive uma divida, mas essa ficou saldada e o saldo estava disponível.
Se alguém me conseguir esclarecer ou dar alguma dica agradecia!
Desde já, obrigado a todos e bom resto de dia!
Tenho um mealheiro cheio de moedas de cêntimos. Há alguma maneira de trocá-las por notas ou moedas de 1/2€? Nos bancos faz-se isso? Não faço mesmo ideia.
Fiz ontem à noite uma compra na amazon jp e há pouco recebi um email a dizer que o pagamento foi recusado pelo meu banco.
Tenho conta no BPI e sei que o pagamento não foi recusado por falta de dinheiro na conta, por isso gostava de saber se aconteceu a mais pessoas e se há forma de conseguir fazer o pagamento e receber a minha encomenda.
Quando me falaram da ideia do cartão mbway, criei logo um e adicionei como método de pagamento na amazon.
Fui agora ver a minha encomenda e apareceu me esta mensagem:
We couldn't charge the Visa ending in [], so we charged your backup payment Visa ending in [].
Fui verificar e o dinheiro já foi retirado do cartão, por isso acho que funcionou ?
Honestamente depois de tanto trabalho só vou acreditar quando tiver a encomenda nas mãos, mas obrigada a todos os que responderam!
Alguém que o confirme?
Quem tenha seguros de saúde com dentária incluída, que seguros tem e quanto pagam mensalmente? 
Estive a ver a rede Dentinet, por cerca de 8eur mês. Alguém tem? 
Obrigada!"Recebi uma carta do tipo super ameaçadora a cobrar uma dívida de 700 e tal euros. Mas isso é o que? Algum tipo novo de scam?
Em uma rápida pesquisa no Google vários comentários de pessoas que estão a ser basicamente assediadas por essa empresa para pagar valores tirados da peida, ou de empresas com as quais não tem qualquer tipo de relação a décadas.
"Boas, faço uns trabalhos num site americano e como já acumulei algum capital queria levantar algum, só que não faço ideia quais são as taxas cobradas pelo BPI para receber transferências internacionais. Já tentei ler nos PDF's mas é bem confuso, se alguém souber agradecia!"
"Qual destes bancos na vossa opinião oferece o melhor sistema online banking  ?
Edit: Obrigado pela ajuda pessoal. Abri uma conta no BCP, o site e de fato excelente, mas a aplicação Android é bastante patética em comparação com a da caixa.
Como vais para a universidade, normalmente na matrícula estão lá o banco "patrocinador" com ofertas para estudantes. Normalmente é o CGD e o Santander com a oferta Promo4U.
Fora desses bancos, e dessas promoções, recomendo o ActivoBank, sem anuidades, ou manuntenção de conta.
Activo Bank: banco vocacionado para a internet e sem comissões nas contas e cartões. 
e compre roupa em vez disso).
n me digas que andas nu! que sexy
&gt; e tenham atenção que talvez perca os juros
quais juros?
Fogo eu tb tive uma coisa estranha, pensava que tinha dinheiro numa conta a prazo e no fim era um plano poupança reforma fdx que merda. 
Tens de descobrir se o dinheiro está aplicado em alguma coisa. Tipo se está á ordem a prazo ou noutra cena qualquer. Mas 2,5k€ é pouco deve tar a ordem.
Em primeiro lugar tens de perceber se o dinheiro está numa conta poupança ou conta a ordem. Se for primeiro caso de tirares o dinheiro podes ter perder os juros decorrente do depósito que goste fazendo. Se for conta corrente não há problema.
Quanto ao banco recomendo a CGD pedir tens muitas vantagens como universitário. Por exemplo: não pagas mensalidade nem anuidade pelo cartão de débito e tens direito a um cartão de crédito com plafond de 150€. Neste caso acho que custa qualquer coisa a volta de 9€ por ano. Olha que dá muito jeito para compras na net, viagens, etc. Se quiseres fazer uma compra superior a 150€ só tens que fazer um reforço no cartão. Tudo que seja compras não pagas nada de taxas mas se fores fazer levantamento pelo MB pagas taxas.
tenho conta na cgd e nunca tive problemas. 
Vê o bankinter. 
Se pretendes ter somente uma conta podes optar por uma Conta de Serviços Mínimos Bancários. 
Pessoalmente so tive experiência com BES (durante muito pouco tempo e bem antes de reventar) se o NB for igual tem comissões para tudo, se tens muito dinheiro pagas, se tens pouco pagas, etc. 
Já tive no Santander e é o mesmo filme de comissões.
CGD onde tenho actualmente, a única coisa que pago é uns 9€ ano do cartão de débito, se fores estudante não o pagas. Diria que se a universidade para onde vais o patrocinador dos cartões de estudante for a CGD muda te para lá, depois logo vês.
